Año,Trimestre,Provincia,Banda ancha fija,Dial up,ADSL,Cablemodem,Fibra óptica,Wireless,Otros,HASTA 512 kbps,+ 512 Kbps - 1 Mbps,+ 1 Mbps - 6 Mbps,+ 6 Mbps - 10 Mbps,+ 10 Mbps - 20 Mbps,+ 20 Mbps - 30 Mbps,+ 30 Mbps,OTROS,Mbps (Media de bajada),Ingresos (miles de pesos),Accesos por cada 100 hab,Accesos por cada 100 hogares
2022,2,Buenos Aires,4660984,6199,350652,2719613,1399043,126847,71028,30639,28323,295238,307554,273954,129869,3535757,65849,66,60942843,26,77.58
2022,2,Capital Federal,1534626,2145,145491,1232226,121506,5757,31791,517,5980,36036,72434,55372,31571,1229254,105607,94,60942843,50,121.31
2022,2,Catamarca,67007,1,11928,9430,42087,1329,2234,71,413,3678,6155,7165,3393,43926,2207,57,60942843,16,62.4
2022,2,Chaco,143559,5,29552,61284,42194,8178,2356,461,1047,17603,20109,8391,15974,76271,3708,51,60942843,12,43.79
2022,2,Chubut,161901,904,45377,69242,9574,29784,8828,109,1444,45804,31217,34290,14526,15394,20021,15,60942843,26,83.19
2022,2,Córdoba,1026367,68,179181,467595,308895,61107,9657,99,11971,160486,120485,71923,28645,619400,13426,54,60942843,27,87.48
2022,2,Corrientes,144993,4,38468,75769,18181,7256,5323,67,3937,24253,24842,8001,21719,55071,7107,43,60942843,13,48.35
2022,2,Entre Ríos,269330,22,63794,131029,35839,26098,12592,107,5656,48637,48557,18512,32355,98769,16759,40,60942843,19,63.9
2022,2,Formosa,67881,0,15397,25487,9875,16910,212,97,407,23834,19706,6330,591,16326,590,28,60942843,11,43.42
2022,2,Jujuy,115314,0,20303,54495,34184,3955,2377,58,1829,19458,15790,37786,549,37391,2453,29,60942843,15,57.32
2022,2,La Pampa,111356,171,7796,59273,22994,20200,1264,68,1887,62546,9842,11800,5247,17125,3012,16,60942843,31,92.98
2022,2,La Rioja,86026,4,7759,52656,19189,6395,31,18,728,3179,3890,23814,5481,48920,0,43,60942843,21,80.14
2022,2,Mendoza,278785,777,37663,77504,135504,26964,1927,103,2954,44961,22557,64138,19543,121366,3940,30,60942843,14,49.39
2022,2,Misiones,178813,0,37208,89260,33649,11074,7622,51,3808,37254,21712,12774,19757,75107,8350,46,60942843,14,51.0
2022,2,Neuquén,161500,468,29749,74905,28824,27371,1119,134,999,38826,15066,9205,2039,76982,18717,47,60942843,24,80.02
2022,2,Río Negro,159216,548,36050,47040,40946,16760,18968,111,1227,33364,17938,27168,13714,41972,24270,33,60942843,21,67.85
2022,2,Salta,203172,5,42665,96178,47076,10068,7190,114,1530,33732,72661,6012,1156,81478,6494,39,60942843,14,57.54
2022,2,San Juan,100126,281,38570,19734,12328,21859,7916,24,2027,30385,11276,24649,3728,16701,11617,14,60942843,13,49.46
2022,2,San Luis,121559,182,6860,29034,248,70614,14985,60,306,6840,21217,11052,67438,13,14815,19,60942843,23,81.76
2022,2,Santa Cruz,48987,198,10170,23725,10815,3896,579,52,6841,12348,11369,11885,2454,3592,644,12,60942843,13,43.15
2022,2,Santa Fe,878749,110,198492,428233,189503,43081,19550,468,11757,138534,204381,74133,58114,373888,17584,42,60942843,24,77.9
2022,2,Santiago Del Estero,118042,2,16561,80338,11605,6618,2922,178,1401,29581,59931,14606,883,10672,792,16,60942843,12,47.7
2022,2,Tierra Del Fuego,53458,312,12754,39837,403,125,651,22,831,12052,14828,19968,1712,1006,3351,11,60942843,30,99.86
2022,2,Tucumán,254497,30,85893,15327,148823,3997,487,39,2195,34461,43513,23634,4863,145541,281,50,60942843,15,59.31
2022,1,Buenos Aires,4549131,6293,392045,2728865,1242121,125521,66872,31591,30056,313382,321756,290127,161183,3381049,26280,63,56195811,26,76.08
2022,1,Capital Federal,1415378,2163,102290,1217225,62308,5784,29934,527,5575,39918,77390,61053,43289,1188072,1717,88,56195811,46,111.8
2022,1,Catamarca,62377,1,14181,15517,29118,1328,2234,71,456,4386,7009,8773,3761,35715,2207,51,56195811,15,58.21
2022,1,Chaco,144114,5,32391,64546,36662,8164,2356,461,1099,16888,21235,20898,13012,62946,7580,46,56195811,12,44.06
2022,1,Chubut,170701,927,44133,66667,9184,30592,21052,113,1677,61369,31856,33080,13871,14055,15607,13,56195811,27,88.05
2022,1,Córdoba,1003729,74,195610,501799,235838,60843,9713,100,12782,165922,126009,73967,34892,577027,13104,50,56195811,26,85.76
2022,1,Corrientes,142574,4,40462,79093,10875,6774,5374,67,4029,24563,25665,27077,10452,43631,7094,38,56195811,13,47.64
2022,1,Entre Ríos,267904,22,67159,138986,23091,26098,12592,107,5745,50075,49620,42294,21578,81757,16750,36,56195811,19,63.7
2022,1,Formosa,54548,0,16397,15927,5146,16876,202,97,448,24113,6945,6613,716,15028,588,30,56195811,9,34.96
2022,1,Jujuy,116509,0,21307,60616,25949,4662,3975,58,1761,22141,16321,37923,576,35287,2442,28,56195811,15,58.06
2022,1,La Pampa,109560,172,8003,58978,21739,19903,1109,301,2223,62812,9869,12044,5250,14400,2833,15,56195811,30,91.66
2022,1,La Rioja,84299,4,9103,59228,9546,6395,31,18,778,3576,4692,23624,5645,45970,0,41,56195811,21,78.77
2022,1,Mendoza,274399,786,49464,74145,123228,26969,1379,114,3355,51230,26407,74178,21566,95048,3287,26,56195811,14,48.74
2022,1,Misiones,171508,0,39147,91752,25178,7807,7624,51,3873,35655,22261,26855,15854,58610,8349,42,56195811,13,49.04
2022,1,Neuquén,149208,471,28443,73200,24193,23098,745,137,1123,39856,15623,11163,2654,71238,7885,43,56195811,22,74.17
2022,1,Río Negro,156821,553,38662,45366,38037,16815,18494,116,1383,35565,18859,26926,14144,37729,22652,31,56195811,21,67.04
2022,1,Salta,197510,5,44714,98667,40994,5950,7190,114,1725,35576,68246,6313,2214,76838,6489,37,56195811,14,56.11
2022,1,San Juan,87888,290,34038,14449,11294,20723,7674,26,2269,32356,11914,25144,2088,11916,2465,12,56195811,11,43.55
2022,1,San Luis,119659,185,7987,11296,31,71809,28721,61,643,8287,3837,9802,68612,13,28589,21,56195811,23,80.72
2022,1,Santa Cruz,48898,204,10537,23420,10766,3974,405,51,6898,12710,11502,12277,2628,2551,485,11,56195811,13,43.34
2022,1,Santa Fe,870364,115,213486,444609,146552,45261,20571,468,12435,143796,208361,84787,58018,344170,18444,39,56195811,24,77.3
2022,1,Santiago Del Estero,116459,2,18118,87979,1093,6349,2922,178,1401,30220,61170,13542,849,8309,792,14,56195811,12,47.17
2022,1,Tierra Del Fuego,52298,313,13031,38700,416,124,340,24,894,12849,15640,18034,1767,982,2421,11,56195811,29,98.29
2022,1,Tucumán,245554,30,92532,62396,86174,3995,487,39,2212,36028,46961,21014,5211,133846,273,47,56195811,14,57.39
2021,4,Buenos Aires,4502772,6385,426325,2706506,1176024,126887,73415,37821,11026,352950,331292,297296,196021,3259793,22958,60,45467887,25,75.66
2021,4,Capital Federal,1409935,2184,111360,1205128,60005,5679,29947,563,1695,47133,81899,66135,66755,1147939,0,83,45467887,46,111.27
2021,4,Catamarca,59089,1,16385,13858,25100,1512,2235,71,0,6038,7855,9804,3262,29827,2233,46,45467887,14,55.25
2021,4,Chaco,143740,5,35548,63145,34688,8005,2359,461,112,18845,22678,21937,13692,58435,7585,42,45467887,12,44.05
2021,4,Chubut,159364,944,46361,57412,9655,28041,18839,126,1294,63698,39568,31175,5780,2904,15763,9,45467887,25,82.57
2021,4,Córdoba,986693,77,212011,487489,217214,61277,8779,100,2479,184548,130892,76246,41198,538700,12607,46,45467887,26,84.51
2021,4,Corrientes,135908,4,42523,71183,10138,6778,5290,67,645,28830,26368,22922,10087,39911,7082,36,45467887,12,45.51
2021,4,Entre Ríos,265024,22,70459,133387,23452,25022,12726,107,3024,56043,49636,38295,24068,77290,16583,33,45467887,19,63.16
2021,4,Formosa,53663,0,17211,15111,5151,16018,172,84,0,22908,6983,6811,1135,13775,1967,29,45467887,9,34.45
2021,4,Jujuy,113915,0,22330,60511,24156,2927,3991,58,175,22446,16793,38134,564,33421,2324,27,45467887,15,56.92
2021,4,La Pampa,106834,173,8175,58000,20192,19286,1354,301,493,64840,9082,12259,4821,12184,3027,14,45467887,30,89.57
2021,4,La Rioja,83124,4,10387,56651,9446,6613,31,18,1,5018,5437,23559,5671,43424,0,40,45467887,21,77.92
2021,4,Mendoza,266783,804,59842,71553,109667,24666,1859,156,1463,66428,30308,75214,18621,75031,366,22,45467887,13,47.51
2021,4,Misiones,171132,0,41778,92068,22035,7649,7602,51,5,41916,23554,26721,15954,54596,8335,39,45467887,13,49.06
2021,4,Neuquén,146989,477,29175,72761,23253,21531,746,140,940,42313,13264,10515,3310,69217,7767,40,45467887,22,73.3
2021,4,Río Negro,153189,564,42037,44495,32212,16558,18451,156,1174,38373,19878,31255,4130,36142,22645,27,45467887,20,65.69
2021,4,Salta,199399,6,46972,99808,39555,5882,7188,114,20,40673,69324,6642,3535,72622,6475,34,45467887,14,56.81
2021,4,San Juan,79667,291,35868,13102,11072,11423,8493,44,1442,28906,10955,23978,398,9800,4435,11,45467887,10,39.59
2021,4,San Luis,118662,187,8472,11064,30,70560,28723,62,264,8550,4276,9107,67363,9,29218,21,45467887,23,80.3
2021,4,Santa Cruz,48276,210,10790,22902,10031,4346,417,52,297,20305,11641,13054,1770,876,491,9,45467887,13,43.05
2021,4,Santa Fe,866265,176,233427,444373,128856,43556,16229,467,581,169706,206856,85690,62349,322015,18777,36,45467887,24,77.09
2021,4,Santiago Del Estero,115859,2,19032,86563,1088,6256,2922,178,909,31915,61524,12205,800,7537,793,14,45467887,12,47.05
2021,4,Tierra Del Fuego,52042,315,13317,38148,426,124,342,26,385,13505,16534,16562,1748,1017,2580,11,45467887,29,98.4
2021,4,Tucumán,238609,30,97830,59022,78790,2511,486,39,97,37321,48736,21023,5326,125857,240,45,45467887,14,55.93
2021,3,Buenos Aires,4246425,5184,585729,2595485,885613,120228,64554,37193,31149,1108940,248153,141383,192797,2482266,9728,56,42999944,24,71.68
2021,3,Capital Federal,1411797,1608,142902,1192107,42966,6059,29371,295,603,156978,67013,39785,73502,1075229,0,78,42999944,46,111.27
2021,3,Catamarca,56253,1,18413,11709,22331,1568,2233,71,0,6755,8428,10517,1659,26618,2206,43,42999944,13,52.71
2021,3,Chaco,139868,3,38258,63659,27583,8018,2353,301,112,22545,20986,23852,14412,49705,7958,39,42999944,11,42.96
2021,3,Chubut,155266,800,49269,55794,8946,23376,18681,104,105,89168,26281,18538,5320,1643,14907,8,42999944,25,80.71
2021,3,Córdoba,946726,62,229275,477223,167495,57617,15178,99,2452,204989,141285,65050,47198,476459,9256,42,42999944,25,81.28
2021,3,Corrientes,133816,3,44805,69403,7542,6766,5303,67,645,29629,28478,24792,9687,35468,5053,32,42999944,12,44.9
2021,3,Entre Ríos,260360,15,74443,128752,20485,23500,13195,107,3024,61354,59776,39114,16284,67961,12755,30,42999944,19,62.18
2021,3,Formosa,52795,0,18093,14111,4730,15690,171,381,0,22778,7142,6978,1192,12707,1617,27,42999944,9,33.96
2021,3,Jujuy,111158,0,23554,60758,19926,2952,3968,48,175,23884,16417,37755,561,29917,2401,26,42999944,14,55.69
2021,3,La Pampa,100371,116,9015,57881,17817,14479,1295,298,313,65063,7395,8737,4023,10506,4152,13,42999944,28,84.28
2021,3,La Rioja,82157,3,11329,54744,9444,6613,30,18,1,5366,5979,23315,4868,42613,0,39,42999944,21,77.26
2021,3,Mendoza,255320,619,91474,71247,70579,21811,828,36,31,151871,12640,62628,7596,21087,50,13,42999944,13,45.55
2021,3,Misiones,158528,0,43230,89469,10969,7198,7662,51,5,41932,25099,26079,14792,42291,8279,31,42999944,12,45.57
2021,3,Neuquén,139436,373,29650,73794,16455,19270,640,112,327,57441,8566,6234,3631,57919,5579,38,42999944,21,69.71
2021,3,Río Negro,144084,501,47934,44519,18725,15031,18376,125,557,68991,3730,14880,2282,34011,20009,25,42999944,19,61.97
2021,3,Salta,195831,2,49212,98318,36126,5724,6453,101,20,41431,70104,6962,3878,67010,6327,31,42999944,14,55.96
2021,3,San Juan,79227,256,40072,12922,6670,11372,8447,18,333,59873,752,13250,338,278,4641,7,42999944,10,39.46
2021,3,San Luis,117716,148,8417,11884,27,68856,28680,60,0,11552,2405,6491,67942,22,29392,22,42999944,23,79.87
2021,3,Santa Cruz,48779,197,12347,22961,6328,4269,3071,50,0,30561,8365,6799,1788,678,735,8,42999944,13,43.75
2021,3,Santa Fe,841433,151,245929,443156,93412,43447,15640,467,579,193207,201250,83941,55080,290793,16267,33,42999944,24,75.02
2021,3,Santiago Del Estero,115457,1,19939,85535,909,6147,2928,123,909,32752,61838,11274,801,6863,898,13,42999944,12,47.0
2021,3,Tierra Del Fuego,49934,289,12853,36958,6,16,390,17,0,23723,13397,9782,1433,976,895,10,42999944,28,94.95
2021,3,Tucumán,232447,25,104489,53868,70964,2408,743,32,97,39446,50293,21986,5300,115154,164,42,42999944,14,54.64
2021,2,Buenos Aires,4127167,5184,603255,2503830,854173,113546,57547,37192,31178,1096049,244001,140322,236897,2337604,9108,53,38239667,23,70.0
2021,2,Capital Federal,1398747,1608,148989,1175097,41318,5580,29371,294,603,157558,73568,43859,86655,1037752,66,73,38239667,45,110.14
2021,2,Catamarca,55743,1,20305,9426,22331,1449,2233,71,0,7219,9091,6828,4941,25388,2206,42,38239667,13,52.34
2021,2,Chaco,140726,3,39826,62948,27584,8018,2353,301,112,23444,21574,24032,16069,47239,7958,37,38239667,12,43.33
2021,2,Chubut,138412,825,49271,41497,6081,23682,18706,104,105,89639,22605,16604,3896,1112,5172,8,38239667,22,72.29
2021,2,Córdoba,930818,62,239780,467782,151855,55944,15519,99,2452,201757,136516,66950,70824,442357,9925,40,38239667,25,80.12
2021,2,Corrientes,129498,3,46648,67262,3731,6557,5303,67,645,29419,27037,24524,10059,32697,5053,30,38239667,11,43.54
2021,2,Entre Ríos,257617,15,77836,124957,17856,23786,13197,107,3024,63518,55349,39468,18484,61605,16077,28,38239667,18,61.66
2021,2,Formosa,51551,0,19571,12509,3610,15690,171,381,0,22364,7310,7460,1341,11077,1618,24,38239667,8,33.23
2021,2,Jujuy,111848,0,24738,60800,19611,2731,3968,48,175,24182,16577,37908,607,29950,2401,26,38239667,14,56.18
2021,2,La Pampa,97551,116,9017,57014,17132,13209,1295,298,554,64146,7769,8128,3399,9311,4062,12,38239667,27,82.08
2021,2,La Rioja,81599,3,11627,54255,9445,6245,30,18,1,5312,5971,23298,4825,42158,19,39,38239667,20,76.98
2021,2,Mendoza,229052,619,91503,70834,44696,21811,827,36,31,137462,10886,56117,4403,20686,50,13,38239667,11,40.97
2021,2,Misiones,156176,0,44960,87861,10376,5317,7662,51,5,41643,25907,25811,16172,38308,8279,29,38239667,12,45.01
2021,2,Neuquén,137877,373,30083,72690,15619,19218,640,112,327,57713,8631,5871,5943,54008,5645,36,38239667,21,69.14
2021,2,Río Negro,143583,501,48189,43761,18727,15031,18376,125,557,69356,3663,15019,3867,31488,20009,24,38239667,19,61.94
2021,2,Salta,191637,2,51396,96016,32050,5724,6453,101,20,42543,67012,7099,9654,58882,6328,29,38239667,13,54.93
2021,2,San Juan,78677,256,40072,12369,6673,11372,8447,18,333,59989,784,12550,340,278,4641,7,38239667,10,39.28
2021,2,San Luis,122670,148,8417,11308,28,66860,36205,60,0,11752,2703,5418,65946,22,36917,22,38239667,24,83.48
2021,2,Santa Cruz,48785,197,12347,22967,6328,4269,3071,50,0,30595,8463,6888,1575,676,735,8,38239667,13,44.01
2021,2,Santa Fe,840449,151,256741,431915,90424,43997,17523,467,896,202018,204077,80452,75195,262124,15371,31,38239667,24,75.07
2021,2,Santiago Del Estero,114089,1,20734,83770,909,5081,3596,123,909,32034,62224,10359,811,6064,1566,13,38239667,12,46.56
2021,2,Tierra Del Fuego,35404,289,12853,22504,6,14,316,17,0,21335,6913,4580,476,889,1483,9,38239667,20,67.89
2021,2,Tucumán,233026,25,110429,48359,71683,1837,743,32,97,40224,51648,23732,5022,109616,2680,40,38239667,14,54.93
2021,1,Buenos Aires,4054936,5066,629679,2452056,821597,98806,57864,36939,31187,1108368,240520,163747,222061,2246313,10867,51,36676371,23,69.11
2021,1,Capital Federal,1378283,1390,159805,1145093,39980,5559,29236,135,244,159662,76753,56457,83255,1003041,126,68,36676371,45,108.42
2021,1,Catamarca,51967,1,26316,4409,18688,322,2233,71,0,7423,8455,10115,712,22996,2196,40,36676371,12,48.9
2021,1,Chaco,139767,3,43214,61251,25426,8004,1875,301,112,24357,22102,27556,14496,42462,8384,34,36676371,12,43.14
2021,1,Chubut,131515,825,45501,40960,3444,23723,18712,106,109,86986,21401,15392,2844,1112,4390,8,36676371,21,68.99
2021,1,Córdoba,910826,55,260350,444695,134634,54137,17065,93,2386,211799,135092,74659,71984,402191,12677,36,36676371,24,78.59
2021,1,Corrientes,126622,3,49160,62876,3337,5949,5303,67,527,31544,26223,26169,9001,27641,5453,26,36676371,11,42.66
2021,1,Entre Ríos,251950,13,83688,118424,16846,20836,12169,105,2911,67255,56060,42432,15774,54600,12826,24,36676371,18,60.44
2021,1,Formosa,50686,0,20663,11412,2562,15669,380,56,0,22409,7569,7916,1215,9579,1942,21,36676371,8,32.73
2021,1,Jujuy,110456,0,32254,54324,17322,2677,3879,49,175,23735,17293,40649,568,25609,2378,27,36676371,14,55.63
2021,1,La Pampa,96989,116,8946,58711,15779,12369,1300,298,554,68200,7864,7611,2786,7368,2424,11,36676371,27,81.78
2021,1,La Rioja,52625,3,17363,34984,1,250,30,18,1,36749,5968,4604,215,5074,-1,13,36676371,13,49.81
2021,1,Mendoza,218308,615,91844,69295,38619,18332,833,28,40,134386,11216,52533,4061,16615,44,13,36676371,11,39.15
2021,1,Misiones,149387,0,48292,82339,7064,4796,6896,51,524,40949,25503,27101,14050,32953,8256,25,36676371,12,43.17
2021,1,Neuquén,132862,373,30223,70457,14171,17752,632,116,327,56171,8443,5903,5677,50840,5758,34,36676371,20,66.84
2021,1,Río Negro,140667,501,48777,42192,17828,13994,18377,125,466,70011,4187,13045,3642,29589,20103,22,36676371,19,60.88
2021,1,Salta,187572,2,54768,89187,31498,5669,6452,109,20,40785,68149,9164,8139,54889,6319,27,36676371,13,53.93
2021,1,San Juan,78011,256,40072,11589,6671,11482,8453,25,194,60439,858,11494,340,276,4641,7,36676371,10,39.06
2021,1,San Luis,119006,148,8417,10678,28,63826,36205,58,0,11889,2926,4429,62913,22,36917,22,36676371,23,81.24
2021,1,Santa Cruz,45868,197,12347,23089,5975,4264,390,50,0,30655,8334,6987,1337,647,-1945,8,36676371,12,41.65
2021,1,Santa Fe,825990,137,277012,421480,70976,39140,17519,518,891,201632,204458,91846,65476,236924,24382,28,36676371,23,73.92
2021,1,Santiago Del Estero,111640,1,26468,75849,570,5158,3596,123,909,33884,58464,8549,700,4868,4144,12,36676371,11,45.67
2021,1,Tierra Del Fuego,40133,289,12853,27247,6,0,316,17,0,21379,1468,4317,486,919,11836,9,36676371,23,77.35
2021,1,Tucumán,231890,22,147199,12185,69954,1834,740,29,97,42810,53416,25255,4188,103437,2680,38,36676371,14,54.82
2020,4,Buenos Aires,4028195,5066,635651,2441248,804991,93444,57927,36939,31197,1109865,242243,214171,213588,2176242,9016,50,33539703,23,68.98
2020,4,Capital Federal,1378140,1390,163060,1142528,39890,4815,29237,135,244,160210,78123,60208,80269,1000073,268,67,33539703,45,108.31
2020,4,Catamarca,52395,1,26870,5115,17856,322,2233,71,0,8843,8740,11436,591,20406,2309,38,33539703,13,49.41
2020,4,Chaco,139088,3,44332,61200,23687,7997,1875,301,112,24782,22479,26802,15701,40949,7965,32,33539703,12,43.03
2020,4,Chubut,129749,825,45703,39756,3040,23363,18712,106,109,88157,21824,12046,2818,1112,4402,7,33539703,21,68.35
2020,4,Córdoba,902646,55,267396,439322,125620,52827,17536,119,2386,214963,135262,82221,70013,384169,13568,35,33539703,24,78.08
2020,4,Corrientes,125656,3,50102,61495,3146,5626,5290,67,527,31900,26321,25687,9383,26789,4985,25,33539703,11,42.43
2020,4,Entre Ríos,247368,13,85683,113670,15653,20206,12169,105,2911,65659,53556,40755,16600,53141,14654,24,33539703,18,59.47
2020,4,Formosa,50206,0,21264,10789,2432,15341,380,56,0,23540,7606,7181,1197,8946,1680,20,33539703,8,32.49
2020,4,Jujuy,105851,0,32850,52815,15639,1077,3470,49,182,23772,14379,44930,446,19282,2811,25,33539703,14,53.46
2020,4,La Pampa,96779,116,9009,58945,15432,12194,1315,298,554,70184,8124,6562,2396,6257,2520,10,33539703,27,81.77
2020,4,La Rioja,52775,3,17513,34984,1,250,30,18,1,36906,6060,4633,181,4979,0,13,33539703,13,50.11
2020,4,Mendoza,214838,615,91842,68364,36083,18331,833,28,40,146312,11172,40396,3378,11557,2570,11,33539703,11,38.63
2020,4,Misiones,147161,0,49462,79855,6589,4359,6896,51,524,39988,26078,26445,14810,32264,7001,25,33539703,12,42.64
2020,4,Neuquén,132762,373,30468,70614,13732,17689,632,116,327,56434,8478,5791,5493,50776,5720,34,33539703,20,67.0
2020,4,Río Negro,140709,501,48991,42022,17826,13994,18377,125,466,70305,4153,13131,3512,29372,20146,22,33539703,19,61.09
2020,4,Salta,187388,2,56659,87817,30604,5858,6452,109,514,41443,68829,15188,8291,46697,6319,25,33539703,13,54.04
2020,4,San Juan,72340,256,40072,7004,6599,10468,8453,25,194,61316,740,5126,332,275,4588,6,33539703,9,36.32
2020,4,San Luis,119287,148,8417,11767,27,63019,36205,58,0,14020,3490,2688,62239,22,36918,21,33539703,23,81.68
2020,4,Santa Cruz,40477,197,12347,19657,1041,4659,2970,47,0,27173,4382,6634,1033,647,758,7,33539703,11,37.0
2020,4,Santa Fe,820676,137,287271,414746,62692,38712,17392,518,891,206372,203793,94246,65145,226246,23602,27,33539703,23,73.58
2020,4,Santiago Del Estero,106668,1,26812,70522,570,5169,3596,123,909,34518,57590,4666,411,4520,3932,11,33539703,11,43.75
2020,4,Tierra Del Fuego,39325,289,12853,26439,6,0,316,17,0,21881,6119,3497,488,922,6690,8,33539703,23,76.27
2020,4,Tucumán,231067,22,149322,11150,68043,1834,740,29,97,44095,54334,32155,4105,93594,2680,36,33539703,14,54.78
2020,3,Buenos Aires,3932211,5066,653930,2384557,749087,94162,55541,37542,31514,1113823,234710,219772,194248,2085815,19853,48,31997445,22,67.66
2020,3,Capital Federal,1371285,1390,170375,1129573,39417,3936,29374,264,312,162222,85083,68753,78028,977766,247,64,31997445,45,107.68
2020,3,Catamarca,49903,1,26868,3690,16857,261,2228,63,0,8276,8768,11195,562,18886,2154,37,31997445,12,47.16
2020,3,Chaco,133951,3,45745,58825,20675,6706,2003,308,112,24675,21639,27546,13751,38729,7194,31,31997445,11,41.54
2020,3,Chubut,129202,825,45761,39386,2897,23216,18767,158,109,87559,22114,12217,2818,1110,3942,7,31997445,21,68.34
2020,3,Córdoba,867417,55,276360,430771,102217,48368,9756,168,3064,218599,124833,84236,63823,361021,11728,34,31997445,23,75.22
2020,3,Corrientes,123388,3,50858,58681,2960,5513,5379,72,527,35190,23315,25308,8615,25344,5020,24,31997445,11,41.75
2020,3,Entre Ríos,241482,13,87892,106950,13954,20379,12320,130,2911,66648,51478,40797,14377,49395,15759,22,31997445,17,58.19
2020,3,Formosa,49209,0,21790,10003,2000,15023,393,391,151,23163,7432,7125,991,8219,1737,18,31997445,8,31.91
2020,3,Jujuy,106728,0,32611,57682,11112,952,4371,55,182,32131,10566,45198,293,15238,3065,22,31997445,14,54.04
2020,3,La Pampa,93619,116,9015,56845,14677,11893,1305,293,810,66695,7820,5577,2189,6322,4029,11,31997445,26,79.26
2020,3,La Rioja,52613,3,17346,34984,1,250,35,21,1,37105,5955,4660,124,4748,2,12,31997445,13,50.12
2020,3,Mendoza,207173,615,91908,64672,32817,17523,868,58,40,141404,12123,42433,3448,8237,45,10,31997445,10,37.35
2020,3,Misiones,143186,0,50195,77989,2572,3445,8985,71,524,39005,24215,25942,13663,30987,8779,24,31997445,11,41.6
2020,3,Neuquén,128862,373,30222,70446,11043,16787,737,218,327,60463,6561,5975,5449,49439,803,31,31997445,19,65.24
2020,3,Río Negro,130966,501,49530,40001,10381,13187,18368,114,466,68986,3769,7096,3455,28488,19093,21,31997445,18,57.05
2020,3,Salta,180844,2,58216,84128,25445,5764,7293,129,514,32780,64736,15990,7928,43773,14996,25,31997445,13,52.32
2020,3,San Juan,77071,256,40092,9223,5509,14023,8480,48,194,65526,711,6529,41,128,4150,6,31997445,10,38.79
2020,3,San Luis,116417,148,8401,10077,6,61828,36253,105,0,12199,3351,2666,61319,8,36917,21,31997445,23,79.96
2020,3,Santa Cruz,39084,197,12845,16098,1027,6938,2373,66,0,26888,4015,6730,629,120,833,7,31997445,11,35.95
2020,3,Santa Fe,802861,137,295051,405807,45721,37112,19307,568,1241,213353,199381,92095,58797,210562,27001,26,31997445,23,72.12
2020,3,Santiago Del Estero,105491,1,26419,70720,555,4185,3613,133,909,33287,57418,4658,292,3994,4801,11,31997445,11,43.38
2020,3,Tierra Del Fuego,39366,289,12854,26491,0,0,310,11,0,22094,5414,3726,481,937,6992,9,31997445,23,76.81
2020,3,Tucumán,223854,22,149605,11752,59949,1808,762,52,97,45913,54610,33126,3246,84195,2637,35,31997445,13,53.23
2020,2,Buenos Aires,3772480,5066,661272,2244277,723072,91736,57189,37542,31606,1129236,241336,233132,188995,1894466,21233,46,32102476,22,65.22
2020,2,Capital Federal,1356431,1390,178896,1106133,39482,3937,29373,264,312,166474,94585,79858,80160,935481,687,60,32102476,44,106.41
2020,2,Catamarca,47975,1,26968,3641,14878,261,2228,63,0,8801,8690,10242,426,16578,3176,35,32102476,12,45.43
2020,2,Chaco,128129,3,46816,56017,17266,6452,1581,308,928,24350,21140,29044,12082,33311,6969,28,32102476,11,39.83
2020,2,Chubut,107831,825,45761,38279,1324,17678,5614,158,109,69578,22188,10537,1473,614,3999,8,32102476,18,57.34
2020,2,Córdoba,836413,55,282858,415007,85818,44522,8263,168,4383,219025,125932,89530,63216,325243,8971,31,32102476,22,72.71
2020,2,Corrientes,118863,3,51248,55536,3144,3927,5011,72,527,34242,22845,25844,7898,22418,5020,22,32102476,11,40.3
2020,2,Entre Ríos,234100,13,89391,99423,13954,20042,11303,130,3679,66758,50640,42090,12856,43391,14569,20,32102476,17,56.54
2020,2,Formosa,47932,0,21805,9353,1882,14723,169,391,151,23534,7109,6998,961,7475,1313,17,32102476,8,31.14
2020,2,Jujuy,94316,0,32705,38938,5057,952,16664,55,182,30548,10519,26829,209,9417,16557,16,32102476,12,47.89
2020,2,La Pampa,89693,116,8551,54422,14232,11314,1290,293,810,71218,7531,3800,1657,3377,1123,8,32102476,25,76.1
2020,2,La Rioja,52152,3,16885,34984,1,250,35,21,1,37375,5661,4686,73,4336,2,12,32102476,13,49.84
2020,2,Mendoza,200569,615,91904,62941,29613,15924,802,58,40,142253,12439,35274,3248,5422,2450,9,32102476,10,36.25
2020,2,Misiones,140340,0,50792,74497,2579,3319,9153,71,524,39867,23719,26445,12305,28763,8646,23,32102476,11,40.89
2020,2,Neuquén,125799,373,30256,67990,11037,15755,1134,218,327,61171,6103,6625,5296,46432,0,29,32102476,19,63.9
2020,2,Río Negro,128985,501,49756,39650,10382,11331,18367,114,466,70817,3335,7498,3246,26953,17057,20,32102476,17,56.37
2020,2,Salta,177760,2,59502,81740,24289,5123,7108,129,514,41801,64463,16989,7741,39594,6531,23,32102476,12,51.58
2020,2,San Juan,69521,256,40092,8275,5509,7019,8882,48,194,59113,917,4908,40,127,4430,6,32102476,9,35.09
2020,2,San Luis,113804,148,8401,8357,6,60935,36253,105,0,11439,3585,1934,60889,8,35992,21,32102476,22,78.41
2020,2,Santa Cruz,38672,197,12845,16044,1027,6585,2368,66,0,26938,4166,6541,546,119,493,7,32102476,11,35.79
2020,2,Santa Fe,777795,137,299974,381679,46698,30487,19094,568,2061,213054,198772,96575,57236,189473,20193,24,32102476,22,70.0
2020,2,Santiago Del Estero,105446,1,25917,72074,355,3038,4063,133,1779,32557,57709,5178,247,3328,4516,10,32102476,11,43.47
2020,2,Tierra Del Fuego,38900,289,12854,26025,0,0,310,11,0,22325,5186,3034,391,796,7446,8,32102476,23,76.37
2020,2,Tucumán,217134,22,150084,9833,55120,1357,762,52,97,49028,54537,34184,2246,74377,2635,33,32102476,13,51.78
2019,4,Buenos Aires,3681120,5134,720011,2191672,669194,87111,18266,33489,27537,1177446,262297,247106,452570,1465133,20676,31,24169251,21,64.25
2019,4,Capital Federal,1356695,1410,196938,1093143,35534,3914,28576,307,15,177098,110218,110852,205810,753805,0,44,24169251,44,106.25
2019,4,Catamarca,38310,1,22999,3318,9506,261,2227,63,0,9945,7619,9305,804,7477,3098,25,24169251,9,36.44
2019,4,Chaco,117900,3,48661,53602,8831,5229,1580,83,0,25899,18959,30902,13516,21556,6988,23,24169251,10,36.84
2019,4,Chubut,95292,810,47045,26977,1324,15267,5489,158,4,69405,12945,7615,1240,614,4121,7,24169251,16,51.15
2019,4,Córdoba,806633,55,296872,410038,53335,37750,8693,142,0,232781,118232,109330,114111,221742,10350,26,24169251,22,70.48
2019,4,Corrientes,113831,3,52525,51845,2002,2458,5004,72,0,35055,20620,27367,9981,15744,4995,19,24169251,10,38.77
2019,4,Entre Ríos,239017,13,92981,99206,12875,18561,15407,47,0,88203,44511,42962,18976,30153,14178,17,24169251,17,57.99
2019,4,Formosa,46711,0,21567,8684,1760,14531,169,1127,191,24606,6319,6788,1766,5671,243,15,24169251,8,30.47
2019,4,Jujuy,88881,0,32949,37604,873,814,16641,55,0,32920,9632,26764,102,5286,14122,13,24169251,12,45.38
2019,4,La Pampa,90280,119,15457,56854,4942,11341,1805,293,313,76747,6900,1951,1287,1342,1566,7,24169251,25,76.92
2019,4,La Rioja,48999,3,13738,34984,0,251,29,21,0,37846,5045,4763,22,1305,0,8,24169251,13,47.14
2019,4,Mendoza,185157,623,96678,49711,24989,13672,730,746,9,145139,12955,15237,2165,2628,6901,8,24169251,9,33.65
2019,4,Misiones,135813,0,53116,69676,847,441,11733,71,0,39664,20840,27305,15626,20799,11508,20,24169251,11,39.79
2019,4,Neuquén,116069,376,29826,60970,10549,14246,854,218,1,57370,4439,7357,12059,35001,0,26,24169251,18,59.36
2019,4,Río Negro,126636,504,49747,37933,9658,11437,18365,114,0,71847,2797,8558,6968,19837,17019,17,24169251,17,55.71
2019,4,Salta,172443,2,63272,76062,21865,3040,8206,149,1,42159,67656,15369,14170,25821,7120,19,24169251,12,50.35
2019,4,San Juan,64715,259,41360,6338,4931,7241,5104,48,1,60626,1594,1292,40,127,1246,6,24169251,8,32.85
2019,4,San Luis,108053,148,8569,8027,6,55266,36333,105,0,11901,4164,525,55216,3,36287,21,24169251,21,74.92
2019,4,Santa Cruz,39170,200,13264,15899,1036,6800,2371,67,0,32368,4346,2224,7,8,350,5,24169251,11,36.71
2019,4,Santa Fe,769019,150,312072,382254,27464,26978,20401,698,0,230234,190664,113527,70998,135576,27472,21,24169251,22,69.48
2019,4,Santiago Del Estero,103587,1,24682,71239,200,2810,4657,133,908,34911,56309,3756,105,2449,5017,10,24169251,11,42.92
2019,4,Tierra Del Fuego,40101,291,13261,26821,0,0,310,11,0,23593,5050,1848,139,1962,7789,7,24169251,24,79.7
2019,4,Tucumán,198621,23,146985,11012,39574,725,348,55,0,54544,52017,28916,6405,56707,0,30,24169251,12,47.65
2018,4,Buenos Aires,3626502,10104,1305576,1949637,296102,65477,19814,134673,73761,1422463,194426,577679,949093,265386,19125,17,16637687,21,64.6
2018,4,Capital Federal,1385577,3443,328253,1019490,33042,3978,4257,74,7388,283281,143309,330496,437662,186810,0,23,16637687,45,108.27
2018,4,Catamarca,33574,9,26912,4443,16,0,2212,34,1669,17955,6425,5461,29,7,2003,8,16637687,8,32.23
2018,4,Chaco,103257,13,53409,43555,1940,3236,1130,69,3405,36437,25633,18965,12393,6368,0,13,16637687,9,32.59
2018,4,Chubut,77204,1518,37215,23065,952,14443,3047,66,3917,66061,6215,531,623,165,1144,6,16637687,13,42.61
2018,4,Córdoba,737234,105,328854,355716,17675,21851,13243,81,24102,228475,97277,201639,128053,48809,8903,16,16637687,20,65.09
2018,4,Corrientes,100591,10,55842,42418,796,1515,30,10,6438,37376,26562,15498,9688,5029,0,12,16637687,9,34.57
2018,4,Entre Ríos,222003,44,101168,86198,4853,15472,14356,18,8769,94780,50027,29002,18146,7612,13693,11,16637687,16,54.37
2018,4,Formosa,45204,0,22619,7880,887,13761,57,1110,3074,22962,5285,9027,2092,1654,0,10,16637687,8,29.74
2018,4,Jujuy,90132,1,33248,12484,153,640,43608,27,2803,30727,7811,4021,30,1141,43573,9,16637687,12,46.53
2018,4,La Pampa,85368,268,18832,55337,2685,7772,1010,241,7727,70508,3661,978,1328,270,923,4,16637687,24,73.49
2018,4,La Rioja,51633,18,16367,34984,12,252,36,9,1164,40285,4088,5216,17,869,3,7,16637687,13,50.35
2018,4,Mendoza,204982,1322,148524,40205,5665,10363,1547,20,1463,197450,2494,4726,19,132,0,6,16637687,11,37.76
2018,4,Misiones,116273,0,55500,53673,465,426,6209,47,5981,43267,26019,19226,16566,5167,0,12,16637687,9,34.45
2018,4,Neuquén,112309,2056,40747,55634,3115,12425,2444,1328,3044,52313,1781,21452,17135,11025,6287,16,16637687,18,59.07
2018,4,Río Negro,115922,915,68377,34292,1299,8037,4832,384,1225,83412,643,13440,9569,5070,3094,10,16637687,16,51.86
2018,4,Salta,134577,1,74295,57539,638,253,1853,49,3659,58492,36365,22910,10861,2242,0,10,16637687,10,39.8
2018,4,San Juan,61834,564,51660,5838,806,2883,1211,22,1465,59811,180,312,1,1,606,6,16637687,8,31.9
2018,4,San Luis,96040,291,11108,7784,378,53097,23964,57,109,19164,53183,119,62,2,23635,9,16637687,19,67.55
2018,4,Santa Cruz,24443,325,10659,4615,382,6378,2734,25,115,23107,779,206,1,4,531,5,16637687,7,23.69
2018,4,Santa Fe,720161,229,335519,322782,14387,18705,28997,335,31397,276301,121009,152039,74432,36427,28450,13,16637687,21,65.59
2018,4,Santiago Del Estero,89333,2,25339,61243,23,2649,81,39,3250,61347,20127,3686,77,483,326,6,16637687,9,37.4
2018,4,Tierra Del Fuego,45716,544,19789,23349,1623,0,1499,6,27,29919,6323,9894,24,67,0,7,16637687,28,93.59
2018,4,Tucumán,171972,32,159215,11670,119,686,314,16,5244,82089,42766,26111,847,14839,92,17,16637687,10,41.76
2017,4,Catamarca,29548,10,27083,263,11,1,2200,34,3182,15315,5904,2927,43,2,2151,8,11226127,7,28.62
2017,4,Corrientes,93760,11,56786,34722,894,1334,35,11,5220,41080,23686,16046,5053,2675,0,10,11226127,9,32.52
2017,4,Misiones,103895,0,56271,47470,95,5,54,1053,3900,41723,23131,22262,9091,2735,0,11,11226127,8,31.14
2017,1,Jujuy,43202,1,33869,9278,22,0,34,330,6213,27824,6486,2306,44,0,0,4,8701201,6,22.76
2016,1,La Rioja,16673,18,16645,0,16,2,28,10,3382,9060,2980,1254,2,3,0,5,5936845,4,16.83
2015,4,Chaco,86537,16,56818,29456,186,52,41,194,9593,46771,18608,10092,1136,159,0,6,5376899,8,28.35
2015,4,La Rioja,16914,18,16886,0,16,2,28,10,3638,9127,2937,1215,2,3,0,5,5376899,5,17.32
2015,3,Corrientes,84931,28,55792,27604,176,1340,47,33,11921,48127,18168,6111,453,146,0,5,5153739,8,30.17
2015,3,Jujuy,39548,2,32598,6895,22,0,35,2549,9278,21588,5169,966,0,0,0,4,5153739,5,21.27
2015,3,La Rioja,16753,18,16725,0,16,2,28,10,3840,9102,2984,832,0,3,0,4,5153739,5,17.15
2015,2,La Rioja,16491,18,16463,0,16,2,28,10,4082,9093,2680,641,0,3,0,4,4701791,4,16.88
2015,2,San Juan,51367,621,48670,451,770,1189,908,8,410,51568,0,0,0,2,0,3,4701791,7,27.64
2015,1,Formosa,26657,43,21022,4951,1,670,56,1891,7336,14413,2024,878,157,1,0,3,4876385,5,18.12
2014,4,Catamarca,25472,21,25192,241,16,0,44,21,8047,14093,2910,421,0,1,0,3,3950441,6,25.51
2014,4,Corrientes,65656,54,54754,9526,40,1315,75,40,13860,42182,7513,2106,0,9,0,4,3950441,6,23.56
2014,4,La Rioja,16379,23,16352,0,17,0,33,9,4333,9728,1943,386,0,3,0,4,3950441,4,17.01
2014,4,Misiones,77222,7,58435,18613,16,150,15,547,11840,53093,8731,2952,54,12,0,4,3950441,7,24.16
2014,4,San Juan,51390,729,48653,451,740,1202,1073,11,478,51628,0,0,0,2,0,3,3950441,7,28.04
2014,4,San Luis,12788,359,11419,926,355,24,423,9,0,13135,0,0,1,2,0,4,3950441,3,9.79
2014,2,Catamarca,24660,23,24380,243,17,0,43,19,8844,13794,1915,111,0,0,0,3,3270816,6,24.7
2014,2,Formosa,25535,65,20894,4628,0,0,78,2032,8218,13944,1321,85,0,0,0,3,3270816,4,17.54
2014,2,La Rioja,15889,23,15864,0,14,0,34,10,4785,9719,1337,61,0,0,0,3,3270816,4,16.5
2014,2,Mendoza,165046,1761,148979,13030,2480,36,2282,35,6,166710,31,10,5,10,0,4,3270816,9,32.1
2014,2,Misiones,74689,0,56933,17594,4,150,8,540,13644,53245,5924,1334,2,0,0,4,3270816,6,23.37
2014,2,San Juan,50891,755,48161,451,722,1139,1173,10,507,51129,0,0,0,0,0,3,3270816,7,27.78
2014,2,San Luis,12691,364,11306,925,354,22,448,7,0,13045,0,0,1,2,0,4,3270816,3,9.72
2014,1,Catamarca,24209,23,24126,46,17,0,43,19,9147,13330,1672,64,0,0,0,3,2984054,6,24.25
2014,1,Formosa,25335,87,20774,4548,0,0,100,2062,8475,13685,1133,67,0,0,0,3,2984054,4,17.42
2014,1,La Rioja,15688,23,15663,0,14,0,34,10,5111,9390,1165,35,0,0,0,3,2984054,4,16.29
2014,1,San Luis,12193,364,11306,428,354,21,448,7,3,12544,0,1,0,2,0,4,2984054,3,9.35
2014,1,Tucumán,129944,88,129717,83,121,13,98,6,34672,83210,11779,362,3,0,0,3,2984054,8,33.42
